<?xml version="1.0" encoding="UTF-8"?>
<metadata>
	<idinfo>
		<descript>
			<abstract>This data set&amp;nbsp;represents&amp;nbsp;watershed above, below and containing
major jurisdictional dams. Acquired from the Cal-Atlas at&amp;nbsp;&lt;a href="http://www.atlas.ca.gov/download.html#/casil/inlandWaters"&gt;http://www.atlas.ca.gov/download.html#/casil/inlandWaters&lt;/a&gt;
.</abstract>
			<purpose>This data set is intended for analysis of obstruction to fish passage, and watershed condition.</purpose>
			<supplinf/>
		</descript>
		<useconst>The State of California and the Resources Agency make no representations or warranties regarding the accuracy of data or maps. The user will not seek to hold the State or the Agency liable under any circumstances for any damages with respect to any claim by the user or any third party on account of or arising from the use of data or maps. The user will cite the Resource Agency and/or the appropriate Department within the Agency as the original source of the data, but will clearly denote cases where the original data have been updated, modified, or in any way altered from the original condition. There are no restrictions on distribution of the data by users. However, users are encouraged to refer others to the California Digital Conservation Atlas, the California Spatial Information Library or the California Environmental Information Catalog, in case updated data become available.</useconst>
		<datacred/>
		<citation>
			<citeinfo>
				<title>Watersheds with dams, California</title>
				<pubdate/>
				<othercit/>
				<origin>California Resources Agency</origin>
				<origin>Legacy Project</origin>
				<onlink>http://app.databasin.org/app/pages/datasetPage.jsp?id=9958acb41e404e2d84f1e859c1feba8c</onlink>
				<pubinfo>
					<publish/>
					<pubplace/>
				</pubinfo>
			</citeinfo>
		</citation>
		<ptcontac>
			<cntinfo>
				<cntperp>
					<cntper/>
					<cntorg>California Resources Agency, Legacy Project</cntorg>
				</cntperp>
				<cntemail/>
			</cntinfo>
		</ptcontac>
		<status>
			<progress/>
			<update/>
		</status>
		<timeperd>
			<timeinfo>
				<sngdate/>
				<current/>
			</timeinfo>
		</timeperd>
		<keywords/>
		<spdom>
			<bounding>
				<northbc>42.009431991765744</northbc>
				<eastbc>-114.13075971019383</eastbc>
				<southbc>32.53425742406072</southbc>
				<westbc>-124.40975112960633</westbc>
			</bounding>
		</spdom>
	</idinfo>
	<dataqual>
		<attracc>
			<attraccr/>
		</attracc>
		<complete/>
		<lineage/>
	</dataqual>
	<eainfo>
		<detailed>
			<attr>
				<attrlabl>FID</attrlabl>
				<attalias>FID</attalias>
				<attrdef/>
				<attrdomv/>
			</attr>
			<attr>
				<attrlabl>Shape</attrlabl>
				<attalias>Shape</attalias>
				<attrdef>Feature geometry.</attrdef>
				<attrdomv/>
			</attr>
			<attr>
				<attrlabl>OBJECTID</attrlabl>
				<attalias>OBJECTID</attalias>
				<attrdef>Internal feature number.</attrdef>
				<attrdomv/>
			</attr>
			<attr>
				<attrlabl>STATUS</attrlabl>
				<attalias>STATUS</attalias>
				<attrdef>Label code</attrdef>
				<attrdomv/>
			</attr>
			<attr>
				<attrlabl>DISPLAY</attrlabl>
				<attalias>DISPLAY</attalias>
				<attrdef>Label</attrdef>
				<attrdomv/>
			</attr>
			<attr>
				<attrlabl>Shape_Leng</attrlabl>
				<attalias>Shape_Leng</attalias>
				<attrdef>Shape_Leng</attrdef>
				<attrdomv/>
			</attr>
			<attr>
				<attrlabl>Shape_Area</attrlabl>
				<attalias>Shape_Area</attalias>
				<attrdef>Area of feature in internal units squared.</attrdef>
				<attrdomv/>
			</attr>
		</detailed>
	</eainfo>
	<distinfo>
		<resdesc>Watersheds with dams, California</resdesc>
		<distrib>
			<cntinfo>
				<cntorgp>
					<cntorg>Data Basin (www.databasin.org)</cntorg>
				</cntorgp>
				<cntemail>databasin@consbio.org</cntemail>
				<cntorgp/>
			</cntinfo>
			<cntinfo/>
			<cntinfo/>
		</distrib>
		<stdorder>
			<digform>
				<digtopt>
					<onlinopt>
						<computer>
							<networka>
								<networkr>http://app.databasin.org/app/pages/datasetPage.jsp?id=9958acb41e404e2d84f1e859c1feba8c</networkr>
							</networka>
						</computer>
					</onlinopt>
				</digtopt>
			</digform>
		</stdorder>
	</distinfo>
	<Esri><CreaDate>20110514</CreaDate><CreaTime>07581500</CreaTime><ArcGISFormat>1.0</ArcGISFormat><SyncOnce>TRUE</SyncOnce><DataProperties><itemProps><itemLocation><linkage Sync="TRUE">file://\\IP-0A5317A4\C\arcgisserver\services\im2\9958acb41e404e2d84f1e859c1feba8c\9958acb41e404e2d84f1e859c1feba8c\commondata\data0\Caldis</linkage><protocol Sync="TRUE">Local Area Network</protocol></itemLocation></itemProps><copyHistory><copy source="C:\arcgisserver\services\im2\9958acb41e404e2d84f1e859c1feba8c\commondata\data0\Caldis" dest="\\IP-0A5317A4\C\arcgisserver\services\im2\9958acb41e404e2d84f1e859c1feba8c\9958acb41e404e2d84f1e859c1feba8c\commondata\data0\Caldis" date="20110514" time="07581500"></copy></copyHistory></DataProperties></Esri></metadata>
