DateTime,B200
2000-10-16 00:00:00,0.4501383006572723
2000-10-23 00:00:00,0.3489886522293091
2000-10-30 00:00:00,0.5046380162239075
2000-11-06 00:00:00,0.5791182518005371
2000-11-13 00:00:00,0.2505013644695282
2000-11-20 00:00:00,-0.1049931868910789
2000-11-27 00:00:00,-0.2892557680606842
2000-12-04 00:00:00,-0.3816763460636139
2000-12-11 00:00:00,-0.3085521757602691
2000-12-18 00:00:00,0.1801272630691528
2000-12-25 00:00:00,0.9658457636833192
2001-01-01 00:00:00,1.5298587083816528
2001-01-08 00:00:00,1.952681422233581
2001-01-15 00:00:00,1.8538620471954343
2001-01-22 00:00:00,1.4524617195129397
2001-01-29 00:00:00,1.3106093406677246
2001-02-05 00:00:00,1.0181670188903809
2001-02-12 00:00:00,0.5650138258934021
2001-02-19 00:00:00,0.1752087920904159
2001-02-26 00:00:00,-0.0516885705292224
2001-03-05 00:00:00,-0.2628739178180694
2001-03-12 00:00:00,-0.7758305072784424
2001-03-19 00:00:00,-1.2177174091339111
2001-03-26 00:00:00,-1.497907280921936
2001-04-02 00:00:00,-1.5912290811538696
2001-04-09 00:00:00,-1.1347086429595947
2001-04-16 00:00:00,-1.0277295112609863
2001-04-23 00:00:00,-1.2452481985092163
2001-04-30 00:00:00,-1.386080026626587
2001-05-07 00:00:00,-1.5092949867248535
2001-05-14 00:00:00,-1.4818341732025146
2001-05-21 00:00:00,-1.6179357767105105
2001-05-28 00:00:00,-1.8146002292633057
2001-06-04 00:00:00,-1.9474438428878784
2001-06-11 00:00:00,-2.111473321914673
2001-06-18 00:00:00,-1.937673568725586
2001-06-25 00:00:00,-1.6851261854171753
2001-07-02 00:00:00,-1.7737982273101809
2001-07-09 00:00:00,-2.063796281814575
2001-07-16 00:00:00,-2.158784866333008
2001-07-23 00:00:00,-2.029346227645874
2001-07-30 00:00:00,-2.112229347229004
2001-08-06 00:00:00,-2.052726984024048
2001-08-13 00:00:00,-1.7911953926086426
2001-08-20 00:00:00,-1.4020702838897705
2001-08-27 00:00:00,-0.9045456647872924
2001-09-03 00:00:00,-0.3793814182281494
2001-09-10 00:00:00,0.3676798641681671
2001-09-17 00:00:00,0.6104200482368469
2001-09-24 00:00:00,1.297423005104065
2001-10-01 00:00:00,1.2363674640655518
2001-10-08 00:00:00,1.2566659450531006
2001-10-16 00:00:00,1.3211467266082764
2001-10-23 00:00:00,1.077793002128601
2001-10-30 00:00:00,1.2164936065673828
2001-11-06 00:00:00,1.3033524751663208
2001-11-13 00:00:00,1.2871934175491333
2001-11-20 00:00:00,1.2211164236068726
2001-11-27 00:00:00,1.325588941574097
2001-12-04 00:00:00,0.9605010151863098
2001-12-11 00:00:00,0.8720048069953918
2001-12-18 00:00:00,0.8244984745979309
2001-12-25 00:00:00,0.8869380354881287
2002-01-01 00:00:00,0.7340444326400757
2002-01-08 00:00:00,0.2005196362733841
2002-01-15 00:00:00,0.3030547797679901
2002-01-22 00:00:00,0.0816301107406616
2002-01-29 00:00:00,-0.1466495990753173
2002-02-05 00:00:00,-0.2541877925395965
2002-02-12 00:00:00,-0.2126729786396026
2002-02-19 00:00:00,-0.6649555563926697
2002-02-26 00:00:00,-0.6843153238296509
2002-03-05 00:00:00,-0.6763394474983215
2002-03-12 00:00:00,-1.0934895277023315
2002-03-19 00:00:00,-1.178259015083313
2002-03-26 00:00:00,-1.0959444046020508
2002-04-02 00:00:00,-0.8524683117866516
2002-04-09 00:00:00,-0.8149128556251526
2002-04-16 00:00:00,-0.8681982755661011
2002-04-23 00:00:00,-1.0019413232803345
2002-04-30 00:00:00,-0.9781395196914672
2002-05-07 00:00:00,-1.092912673950195
2002-05-14 00:00:00,-1.0568602085113523
2002-05-21 00:00:00,-1.2118021249771118
2002-05-28 00:00:00,-1.5949426889419556
2002-06-04 00:00:00,-1.820492386817932
2002-06-11 00:00:00,-1.9859533309936523
2002-06-18 00:00:00,-1.695124626159668
2002-06-25 00:00:00,-1.7728402614593506
2002-07-02 00:00:00,-1.9590972661972048
2002-07-09 00:00:00,-2.2407827377319336
2002-07-16 00:00:00,-2.151036262512207
2002-07-23 00:00:00,-2.043891191482544
2002-07-30 00:00:00,-1.948889136314392
2002-08-06 00:00:00,-1.5630589723587036
2002-08-13 00:00:00,-1.6278467178344729
2002-08-20 00:00:00,-1.7643444538116455
2002-08-27 00:00:00,-1.6762382984161377
2002-09-03 00:00:00,-1.6511763334274292
2002-09-10 00:00:00,-1.5819387435913086
2002-09-17 00:00:00,-1.6700893640518188
2002-09-24 00:00:00,-1.3111954927444458
2002-10-01 00:00:00,-1.0194765329360962
2002-10-08 00:00:00,-1.0058834552764893
2002-10-16 00:00:00,-1.054863214492798
2002-10-23 00:00:00,-1.0219837427139282
2002-10-30 00:00:00,-1.2420498132705688
2002-11-06 00:00:00,-0.8174254894256592
2002-11-13 00:00:00,-0.6364763379096985
2002-11-20 00:00:00,-0.2471824735403061
2002-11-27 00:00:00,-0.1874066889286041
2002-12-04 00:00:00,-0.0693438202142715
2002-12-11 00:00:00,0.2344967722892761
2002-12-18 00:00:00,0.3394635617733001
2002-12-25 00:00:00,0.1714957505464553
2003-01-01 00:00:00,0.2179501056671142
2003-01-08 00:00:00,0.3871149122714996
2003-01-15 00:00:00,0.6660857796669006
2003-01-22 00:00:00,0.9810576438903807
2003-01-29 00:00:00,0.8884463906288147
2003-02-05 00:00:00,1.1828734874725342
2003-02-12 00:00:00,1.0312119722366333
2003-02-19 00:00:00,1.3114160299301147
2003-02-26 00:00:00,1.0236389636993408
2003-03-05 00:00:00,-0.0297039058059453
2003-03-12 00:00:00,-0.4155240654945373
2003-03-19 00:00:00,-0.5509731769561768
2003-03-26 00:00:00,-0.9054886102676392
2003-04-02 00:00:00,-0.8730239272117615
2003-04-09 00:00:00,-1.245761156082153
2003-04-16 00:00:00,-1.1737886667251587
2003-04-23 00:00:00,-0.9872748255729676
2003-04-30 00:00:00,-0.852702796459198
2003-05-07 00:00:00,-0.4429498016834259
2003-05-14 00:00:00,-0.9033650159835817
2003-05-21 00:00:00,-1.0347394943237305
2003-05-28 00:00:00,-0.6838886141777039
2003-06-04 00:00:00,-0.6193316578865051
2003-06-11 00:00:00,-0.4657277166843414
2003-06-18 00:00:00,-0.3563224375247955
2003-06-25 00:00:00,-0.5748845934867859
2003-07-02 00:00:00,-0.639030933380127
2003-07-09 00:00:00,-0.604157567024231
2003-07-16 00:00:00,-0.4186808168888092
2003-07-23 00:00:00,-0.6644521355628967
2003-07-30 00:00:00,-1.2206099033355713
2003-08-06 00:00:00,-1.4692567586898804
2003-08-13 00:00:00,-1.6708482503890991
2003-08-20 00:00:00,-1.3675726652145386
2003-08-27 00:00:00,-1.1074694395065308
2003-09-03 00:00:00,-1.209526300430298
2003-09-10 00:00:00,-0.8261260390281677
2003-09-17 00:00:00,-0.5496965050697327
2003-09-24 00:00:00,-0.3162497580051422
2003-10-01 00:00:00,0.3106857240200043
2003-10-08 00:00:00,0.3899696171283722
2003-10-16 00:00:00,0.7106289863586426
2003-10-23 00:00:00,0.8614686131477356
2003-10-30 00:00:00,1.208244800567627
2003-11-06 00:00:00,1.2141627073287964
2003-11-13 00:00:00,1.1245163679122925
2003-11-20 00:00:00,1.1755114793777466
2003-11-27 00:00:00,1.248113036155701
2003-12-04 00:00:00,1.326230525970459
2003-12-11 00:00:00,1.209949612617493
2003-12-18 00:00:00,1.337692379951477
2003-12-25 00:00:00,0.9513327479362488
2004-01-01 00:00:00,0.5698047280311584
2004-01-08 00:00:00,0.2875989377498626
2004-01-15 00:00:00,0.2215956896543502
2004-01-22 00:00:00,-0.2195897698402404
2004-01-29 00:00:00,-0.289503276348114
2004-02-05 00:00:00,-0.7807105183601379
2004-02-12 00:00:00,-1.1348689794540403
2004-02-19 00:00:00,-1.4463874101638794
2004-02-26 00:00:00,-1.4354254007339478
2004-03-04 00:00:00,-1.320215106010437
2004-03-11 00:00:00,-1.2652651071548462
2004-03-18 00:00:00,-1.2956470251083374
2004-03-25 00:00:00,-1.05316424369812
2004-04-01 00:00:00,-0.9929574131965636
2004-04-08 00:00:00,-0.8775795102119446
2004-04-15 00:00:00,-0.6094721555709839
2004-04-22 00:00:00,-0.8983621597290039
2004-04-29 00:00:00,-0.7849065065383911
2004-05-06 00:00:00,-0.5695459246635437
2004-05-13 00:00:00,-0.6441993117332458
2004-05-20 00:00:00,-0.8772627711296082
2004-05-27 00:00:00,-0.7472360730171204
2004-06-03 00:00:00,-0.4694555699825287
2004-06-10 00:00:00,-0.1387377828359604
2004-06-17 00:00:00,-0.1709392666816711
2004-06-24 00:00:00,-0.3976028561592102
2004-07-01 00:00:00,-0.4691030383110046
2004-07-08 00:00:00,-0.547824501991272
2004-07-15 00:00:00,-0.3135705292224884
2004-07-22 00:00:00,-0.3627031147480011
2004-07-29 00:00:00,-0.4799042344093323
2004-08-05 00:00:00,-0.4785369634628296
2004-08-12 00:00:00,0.5434494614601135
2004-08-19 00:00:00,0.7789036631584167
2004-08-26 00:00:00,1.359300136566162
2004-09-02 00:00:00,1.6958122253417969
2004-09-09 00:00:00,1.9287784099578855
2004-09-16 00:00:00,2.1797566413879395
2004-09-23 00:00:00,2.1418046951293945
2004-09-30 00:00:00,1.4611830711364746
2004-10-07 00:00:00,1.4636222124099731
2004-10-16 00:00:00,1.5289956331253052
2004-10-23 00:00:00,1.6029123067855835
2004-10-30 00:00:00,1.1508219242095947
2004-11-06 00:00:00,0.6389464735984802
2004-11-13 00:00:00,0.3748999536037445
2004-11-20 00:00:00,0.0311599653214216
2004-11-27 00:00:00,0.2569981217384338
2004-12-04 00:00:00,-0.2062357515096664
2004-12-11 00:00:00,-0.346342533826828
2004-12-18 00:00:00,-0.5895342826843262
2004-12-25 00:00:00,0.1376067548990249
2005-01-01 00:00:00,-0.0062791006639599
2005-01-08 00:00:00,0.0476616397500038
2005-01-15 00:00:00,0.0807620286941528
2005-01-22 00:00:00,0.573465883731842
2005-01-29 00:00:00,0.9256720542907716
2005-02-05 00:00:00,1.240396499633789
2005-02-12 00:00:00,1.5333644151687622
2005-02-19 00:00:00,1.3719732761383057
2005-02-26 00:00:00,1.286732792854309
2005-03-05 00:00:00,1.210029125213623
2005-03-12 00:00:00,1.4947304725646973
2005-03-19 00:00:00,1.4896141290664673
2005-03-26 00:00:00,1.4211156368255615
2005-04-02 00:00:00,1.3404706716537476
2005-04-09 00:00:00,1.147636890411377
2005-04-16 00:00:00,0.8658487200737
2005-04-23 00:00:00,0.8757666945457458
2005-04-30 00:00:00,1.002414345741272
2005-05-07 00:00:00,0.5343852639198303
2005-05-14 00:00:00,0.2808532118797302
2005-05-21 00:00:00,0.463004320859909
2005-05-28 00:00:00,0.7824581265449524
2005-06-04 00:00:00,0.6454256772994995
2005-06-11 00:00:00,0.1299577206373214
2005-06-18 00:00:00,0.1766363978385925
2005-06-25 00:00:00,0.3275815546512604
2005-07-02 00:00:00,0.335233211517334
2005-07-09 00:00:00,0.2206024676561355
2005-07-16 00:00:00,0.0892551094293594
2005-07-23 00:00:00,0.0838421806693077
2005-07-30 00:00:00,0.3164412081241607
2005-08-06 00:00:00,0.4537536203861236
2005-08-13 00:00:00,0.2322669178247451
2005-08-20 00:00:00,-0.0113580012694001
2005-08-27 00:00:00,-0.0197783205658197
2005-09-03 00:00:00,-0.1050469577312469
2005-09-10 00:00:00,-0.0577813908457756
2005-09-17 00:00:00,-0.0258409455418586
2005-09-24 00:00:00,-0.1455491036176681
2005-10-01 00:00:00,-0.148328348994255
2005-10-08 00:00:00,-0.0495359823107719
2005-10-16 00:00:00,0.2682733535766601
2005-10-23 00:00:00,0.1912058293819427
2005-10-30 00:00:00,0.5536169409751892
2005-11-06 00:00:00,0.6186723113059998
2005-11-13 00:00:00,0.4635539650917053
2005-11-20 00:00:00,0.1798561364412307
2005-11-27 00:00:00,0.2981598079204559
2005-12-04 00:00:00,0.3252972662448883
2005-12-11 00:00:00,0.4976535439491272
2005-12-18 00:00:00,0.3828406929969787
2005-12-25 00:00:00,0.4431963264942169
2006-01-01 00:00:00,0.6769959926605225
2006-01-08 00:00:00,0.4965356588363647
2006-01-15 00:00:00,0.4715735912322998
2006-01-22 00:00:00,-0.0696457102894783
2006-01-29 00:00:00,0.228732168674469
2006-02-05 00:00:00,0.5288727879524231
2006-02-12 00:00:00,0.9730914235115052
2006-02-19 00:00:00,0.9237304329872132
2006-02-26 00:00:00,1.0709396600723269
2006-03-05 00:00:00,0.6712649464607239
2006-03-12 00:00:00,0.5502616167068481
2006-03-19 00:00:00,0.4374504685401916
2006-03-26 00:00:00,-0.2214189022779464
2006-04-02 00:00:00,-0.1859741657972335
2006-04-09 00:00:00,0.0237256288528442
2006-04-16 00:00:00,0.2431714385747909
2006-04-23 00:00:00,-0.0034447459038347
2006-04-30 00:00:00,0.0087131485342979
2006-05-07 00:00:00,0.0618343353271484
2006-05-14 00:00:00,0.2756749093532562
2006-05-21 00:00:00,0.1442868560552597
2006-05-28 00:00:00,0.0444855652749538
2006-06-04 00:00:00,-0.1427820324897766
2006-06-11 00:00:00,-0.188597172498703
2006-06-18 00:00:00,-0.0067108930088579
2006-06-25 00:00:00,0.0919815376400947
2006-07-02 00:00:00,0.2276431620121002
2006-07-09 00:00:00,0.1954646706581115
2006-07-16 00:00:00,0.6039273142814636
2006-07-23 00:00:00,0.902680277824402
2006-07-30 00:00:00,0.9022306799888612
2006-08-06 00:00:00,0.6035081744194031
2006-08-13 00:00:00,0.6833429932594299
2006-08-20 00:00:00,0.2555734813213348
2006-08-27 00:00:00,0.2797257602214813
2006-09-03 00:00:00,0.3180097341537475
2006-09-10 00:00:00,0.285268485546112
2006-09-17 00:00:00,0.1462558507919311
2006-09-24 00:00:00,-0.047632023692131
2006-10-01 00:00:00,0.6832722425460815
2006-10-08 00:00:00,0.3824858665466308
2006-10-16 00:00:00,-0.1388184130191803
2006-10-23 00:00:00,-0.2430937439203262
2006-10-30 00:00:00,0.0281077213585376
2006-11-06 00:00:00,-0.0812344551086425
2006-11-13 00:00:00,0.2445234805345535
2006-11-20 00:00:00,0.4192607700824737
2006-11-27 00:00:00,0.4869588315486908
2006-12-04 00:00:00,0.8876955509185791
2006-12-11 00:00:00,0.716742753982544
2006-12-18 00:00:00,0.4981177449226379
2006-12-25 00:00:00,-0.1121473759412765
2007-01-01 00:00:00,-0.1634943038225174
2007-01-08 00:00:00,-0.1059124916791915
2007-01-15 00:00:00,-0.1186168491840362
2007-01-22 00:00:00,-0.0185198076069355
2007-01-29 00:00:00,0.2786312997341156
2007-02-05 00:00:00,0.1353243738412857
2007-02-12 00:00:00,0.0989529341459274
2007-02-19 00:00:00,-0.1053012311458587
2007-02-26 00:00:00,-0.5575822591781616
2007-03-05 00:00:00,-0.6238703727722168
2007-03-12 00:00:00,-0.380651444196701
2007-03-19 00:00:00,-0.0607978738844394
2007-03-26 00:00:00,-0.0779214277863502
2007-04-02 00:00:00,-0.1902123242616653
2007-04-09 00:00:00,-0.295894980430603
2007-04-16 00:00:00,-0.6631286144256592
2007-04-23 00:00:00,-0.7008733153343201
2007-04-30 00:00:00,-0.8171465396881104
2007-05-07 00:00:00,-0.7744889259338379
2007-05-14 00:00:00,-0.7090561389923096
2007-05-21 00:00:00,-0.7545557022094727
2007-05-28 00:00:00,-0.6849326491355896
2007-06-04 00:00:00,-0.6687958836555481
2007-06-11 00:00:00,-0.7051634788513184
2007-06-18 00:00:00,-0.4749636650085449
2007-06-25 00:00:00,-0.2671103179454803
2007-07-02 00:00:00,0.2754287421703338
2007-07-09 00:00:00,0.7944194078445435
2007-07-16 00:00:00,0.6185322999954224
2007-07-23 00:00:00,0.5911928415298462
2007-07-30 00:00:00,0.4961851239204407
2007-08-06 00:00:00,0.4891116917133331
2007-08-13 00:00:00,0.6008895039558411
2007-08-20 00:00:00,0.4418662786483764
2007-08-27 00:00:00,0.2950018048286438
2007-09-03 00:00:00,0.0750429704785347
2007-09-10 00:00:00,-0.3448396325111389
2007-09-17 00:00:00,-0.3261351883411407
2007-09-24 00:00:00,-0.2421649098396301
2007-10-01 00:00:00,-0.2426057904958725
2007-10-08 00:00:00,-0.2198856621980667
2007-10-16 00:00:00,-0.2247713208198547
2007-10-23 00:00:00,-0.1131747364997863
2007-10-30 00:00:00,0.0015591121045872
2007-11-06 00:00:00,-0.0621106028556823
2007-11-13 00:00:00,0.3634391725063324
2007-11-20 00:00:00,0.4282717406749725
2007-11-27 00:00:00,0.3757314682006836
2007-12-04 00:00:00,0.7891135811805725
2007-12-11 00:00:00,0.812990665435791
2007-12-18 00:00:00,0.7457631230354309
2007-12-25 00:00:00,0.7458919286727905
2008-01-01 00:00:00,0.5611534118652344
2008-01-08 00:00:00,0.519586443901062
2008-01-15 00:00:00,0.5630941987037659
2008-01-22 00:00:00,0.3941153287887573
2008-01-29 00:00:00,0.2738827764987945
2008-02-05 00:00:00,-0.0110762929543852
2008-02-12 00:00:00,0.1345677226781845
2008-02-19 00:00:00,0.171603262424469
2008-02-26 00:00:00,-0.1111374646425247
2008-03-04 00:00:00,0.0641618221998214
2008-03-11 00:00:00,0.2146355807781219
2008-03-18 00:00:00,0.0781410411000251
2008-03-25 00:00:00,0.0472500026226043
2008-04-01 00:00:00,-0.2990070879459381
2008-04-08 00:00:00,-0.4467468559741974
2008-04-15 00:00:00,-0.3036254048347473
2008-04-22 00:00:00,-0.3097496032714844
2008-04-29 00:00:00,-0.2947139143943786
2008-05-06 00:00:00,-0.4425714313983917
2008-05-13 00:00:00,-0.4124792814254761
2008-05-20 00:00:00,-0.1680102944374084
2008-05-27 00:00:00,0.1584561169147491
2008-06-03 00:00:00,-0.117403969168663
2008-06-10 00:00:00,-0.2188410609960556
2008-06-17 00:00:00,-0.1696724891662597
2008-06-24 00:00:00,-0.0838572978973388
2008-07-01 00:00:00,0.1154984533786773
2008-07-08 00:00:00,0.1855929940938949
2008-07-15 00:00:00,0.1568994671106338
2008-07-22 00:00:00,0.0720226019620895
2008-07-29 00:00:00,0.0300492886453866
2008-08-05 00:00:00,-0.0753145590424537
2008-08-12 00:00:00,-0.1328409910202026
2008-08-19 00:00:00,-0.0743373185396194
2008-08-26 00:00:00,-0.4783549606800079
2008-09-02 00:00:00,-0.4694805741310119
2008-09-09 00:00:00,-0.7616538405418396
2008-09-16 00:00:00,-0.9625732898712158
2008-09-23 00:00:00,-1.2789201736450195
2008-09-30 00:00:00,-1.4116945266723633
2008-10-07 00:00:00,-1.4918142557144165
2008-10-16 00:00:00,-1.6496437788009644
2008-10-23 00:00:00,-1.7028838396072388
2008-10-30 00:00:00,-1.7919442653656006
2008-11-06 00:00:00,-1.820225954055786
2008-11-13 00:00:00,-1.9880672693252563
2008-11-20 00:00:00,-2.0504136085510254
2008-11-27 00:00:00,-1.802027940750122
2008-12-04 00:00:00,-1.648992896080017
2008-12-11 00:00:00,-1.432742714881897
2008-12-18 00:00:00,-1.3032306432724
2008-12-25 00:00:00,-1.372945785522461
2009-01-01 00:00:00,-1.3252559900283811
2009-01-08 00:00:00,-1.278172254562378
2009-01-15 00:00:00,-1.335548758506775
2009-01-22 00:00:00,-1.1114437580108645
2009-01-29 00:00:00,-0.9607396721839904
2009-02-05 00:00:00,-0.5955817103385925
2009-02-12 00:00:00,-0.7790831923484802
2009-02-19 00:00:00,-0.8432201743125916
2009-02-26 00:00:00,-0.8438209891319275
2009-03-05 00:00:00,-0.8501068949699402
2009-03-12 00:00:00,-0.6645098924636841
2009-03-19 00:00:00,-0.1730996668338775
2009-03-26 00:00:00,0.2102047652006149
2009-04-02 00:00:00,0.4302869141101837
2009-04-09 00:00:00,0.723271906375885
2009-04-16 00:00:00,0.4182432889938354
2009-04-23 00:00:00,0.4693917036056518
2009-04-30 00:00:00,0.349309355020523
2009-05-07 00:00:00,0.6093543171882629
2009-05-14 00:00:00,0.882908284664154
2009-05-21 00:00:00,1.2384202480316162
2009-05-28 00:00:00,1.231886386871338
2009-06-04 00:00:00,1.5010664463043213
2009-06-11 00:00:00,0.7721869945526123
2009-06-18 00:00:00,0.3355865478515625
2009-06-25 00:00:00,0.3170163631439209
2009-07-02 00:00:00,0.1650945842266082
2009-07-09 00:00:00,0.3200788199901581
2009-07-16 00:00:00,0.6553403735160828
2009-07-23 00:00:00,0.7428498268127441
2009-07-30 00:00:00,0.7821789383888245
2009-08-06 00:00:00,0.8019561171531677
2009-08-13 00:00:00,0.5846652388572693
2009-08-20 00:00:00,0.8015649914741516
2009-08-27 00:00:00,0.7298588752746582
2009-09-03 00:00:00,0.7420046329498291
2009-09-10 00:00:00,0.4081843197345733
2009-09-17 00:00:00,-0.0009766475996002
2009-09-24 00:00:00,-0.0559425763785839
2009-10-01 00:00:00,-0.3825400173664093
2009-10-08 00:00:00,-0.59091717004776
2009-10-16 00:00:00,-0.7175451517105103
2009-10-23 00:00:00,-0.7353366613388062
2009-10-30 00:00:00,-0.9101052284240724
2009-11-06 00:00:00,-0.7540314793586731
2009-11-13 00:00:00,-0.5716774463653564
2009-11-20 00:00:00,-0.4786895513534546
2009-11-27 00:00:00,-0.5825595259666443
2009-12-04 00:00:00,-0.5326512455940247
2009-12-11 00:00:00,-0.4662156701087951
2009-12-18 00:00:00,-0.3703587353229522
2009-12-25 00:00:00,-0.1492409855127334
2010-01-01 00:00:00,-0.0889677703380584
2010-01-08 00:00:00,-0.2294182330369949
2010-01-15 00:00:00,-0.2079687118530273
2010-01-22 00:00:00,-0.246582344174385
2010-01-29 00:00:00,-0.2548535466194153
2010-02-05 00:00:00,-0.2046903669834137
2010-02-12 00:00:00,-0.2429485321044922
2010-02-19 00:00:00,0.1050589755177497
2010-02-26 00:00:00,0.1679496169090271
2010-03-05 00:00:00,0.4323845505714416
2010-03-12 00:00:00,0.4782598912715912
2010-03-19 00:00:00,0.4652713239192962
2010-03-26 00:00:00,0.6353535652160645
2010-04-02 00:00:00,0.8302475810050964
2010-04-09 00:00:00,0.8207389116287231
2010-04-16 00:00:00,0.6519867181777954
2010-04-23 00:00:00,0.8296396732330322
2010-04-30 00:00:00,0.6232843399047852
2010-05-07 00:00:00,0.7177914381027222
2010-05-14 00:00:00,0.4574951529502868
2010-05-21 00:00:00,0.405863881111145
2010-05-28 00:00:00,0.581758439540863
2010-06-04 00:00:00,0.3076083958148956
2010-06-11 00:00:00,0.5554062724113464
2010-06-18 00:00:00,0.4114506244659424
2010-06-25 00:00:00,0.0753366872668266
2010-07-02 00:00:00,0.0788462907075882
2010-07-09 00:00:00,-0.0124302981421351
2010-07-16 00:00:00,-0.4087261855602264
2010-07-23 00:00:00,-0.1788991391658783
2010-07-30 00:00:00,-0.0121903903782367
2010-08-06 00:00:00,0.3010978698730469
2010-08-13 00:00:00,0.1059861928224563
2010-08-20 00:00:00,0.2143236845731735
2010-08-27 00:00:00,0.0749478936195373
2010-09-03 00:00:00,0.1021663099527359
2010-09-10 00:00:00,0.3288290798664093
2010-09-17 00:00:00,0.4526952803134918
2010-09-24 00:00:00,0.3728357553482055
2010-10-01 00:00:00,0.5972325205802917
2010-10-08 00:00:00,0.810771107673645
2010-10-16 00:00:00,0.8738020658493042
2010-10-23 00:00:00,0.8019915223121643
2010-10-30 00:00:00,0.7032469511032104
2010-11-06 00:00:00,0.7692112326622009
2010-11-13 00:00:00,0.8396192193031311
2010-11-20 00:00:00,0.944868505001068
2010-11-27 00:00:00,0.9338039755821228
2010-12-04 00:00:00,0.9237669110298156
2010-12-11 00:00:00,1.1755293607711792
2010-12-18 00:00:00,1.2852959632873535
2010-12-25 00:00:00,1.2838438749313354
2011-01-01 00:00:00,1.1247355937957764
2011-01-08 00:00:00,1.1187820434570312
2011-01-15 00:00:00,1.01167893409729
2011-01-22 00:00:00,1.303578495979309
2011-01-29 00:00:00,1.5173360109329224
2011-02-05 00:00:00,1.7531050443649292
2011-02-12 00:00:00,1.7187484502792358
2011-02-19 00:00:00,2.119683027267456
2011-02-26 00:00:00,2.4461514949798584
2011-03-05 00:00:00,2.650229454040528
2011-03-12 00:00:00,2.630610704421997
2011-03-19 00:00:00,2.586851119995117
2011-03-26 00:00:00,2.5634467601776123
2011-04-02 00:00:00,2.581663131713867
2011-04-09 00:00:00,2.57185435295105
2011-04-16 00:00:00,2.6681902408599854
2011-04-23 00:00:00,2.5073580741882324
2011-04-30 00:00:00,2.3353257179260254
2011-05-07 00:00:00,2.459064722061157
2011-05-14 00:00:00,2.3520631790161133
2011-05-21 00:00:00,2.2715091705322266
2011-05-28 00:00:00,1.8828614950180051
2011-06-04 00:00:00,1.1506422758102417
2011-06-11 00:00:00,0.9510889649391174
2011-06-18 00:00:00,0.8360080122947693
2011-06-25 00:00:00,1.3036606311798096
2011-07-02 00:00:00,1.4840152263641355
2011-07-09 00:00:00,1.4916588068008425
2011-07-16 00:00:00,1.4214740991592407
2011-07-23 00:00:00,1.5083762407302856
2011-07-30 00:00:00,1.3602641820907593
2011-08-06 00:00:00,1.370911717414856
2011-08-13 00:00:00,1.4692144393920898
2011-08-20 00:00:00,1.9688390493392944
2011-08-27 00:00:00,2.190118789672852
2011-09-03 00:00:00,2.160199880599976
2011-09-10 00:00:00,2.062434434890747
2011-09-17 00:00:00,1.6074470281600952
2011-09-24 00:00:00,1.39205801486969
2011-10-01 00:00:00,1.0253677368164062
2011-10-08 00:00:00,0.9217805862426758
2011-10-16 00:00:00,0.3168748915195465
2011-10-23 00:00:00,0.1011411994695663
2011-10-30 00:00:00,0.1886576414108276
2011-11-06 00:00:00,0.1142086535692215
2011-11-13 00:00:00,0.0443780198693275
2011-11-20 00:00:00,-0.033565055578947
2011-11-27 00:00:00,0.0593529269099235
2011-12-04 00:00:00,-0.132441908121109
2011-12-11 00:00:00,-0.2706804275512695
2011-12-18 00:00:00,-0.3869410455226898
2011-12-25 00:00:00,-0.5139430165290833
2012-01-01 00:00:00,-0.3841166496276855
2012-01-08 00:00:00,0.1109061613678932
2012-01-15 00:00:00,0.2532622218132019
2012-01-22 00:00:00,0.3188149631023407
2012-01-29 00:00:00,0.244647815823555
2012-02-05 00:00:00,0.091351144015789
2012-02-12 00:00:00,0.1746106743812561
2012-02-19 00:00:00,-0.0927746817469596
2012-02-26 00:00:00,-0.1968695968389511
2012-03-04 00:00:00,-0.1139697879552841
2012-03-11 00:00:00,-0.0367221720516681
2012-03-18 00:00:00,0.0427474565804004
2012-03-25 00:00:00,-0.1071073487401008
2012-04-01 00:00:00,-0.4508013725280761
2012-04-08 00:00:00,-0.417000949382782
2012-04-15 00:00:00,-0.4517478346824646
2012-04-22 00:00:00,-0.3241243958473205
2012-04-29 00:00:00,-0.3217218518257141
2012-05-06 00:00:00,-0.4781178534030914
2012-05-13 00:00:00,-0.4445074200630188
2012-05-20 00:00:00,-0.270243763923645
2012-05-27 00:00:00,0.2576166093349457
2012-06-03 00:00:00,0.5780007839202881
2012-06-10 00:00:00,0.7538530826568604
2012-06-17 00:00:00,1.08949875831604
2012-06-24 00:00:00,0.8620930910110474
2012-07-01 00:00:00,0.8293217420578003
2012-07-08 00:00:00,0.8446569442749023
2012-07-15 00:00:00,0.670570433139801
2012-07-22 00:00:00,0.7212475538253784
2012-07-29 00:00:00,0.6235596537590027
2012-08-05 00:00:00,1.103359937667847
2012-08-12 00:00:00,1.0916863679885864
2012-08-19 00:00:00,0.6215475797653198
2012-08-26 00:00:00,0.4507410228252411
2012-09-02 00:00:00,0.350323885679245
2012-09-09 00:00:00,0.0319468453526496
2012-09-16 00:00:00,0.1680618971586227
2012-09-23 00:00:00,0.064811848104
2012-09-30 00:00:00,0.6701185703277588
2012-10-07 00:00:00,0.975249409675598
2012-10-16 00:00:00,0.9282038807868958
2012-10-23 00:00:00,1.3208813667297363
2012-10-30 00:00:00,0.831050455570221
2012-11-06 00:00:00,0.9200068116188048
2012-11-13 00:00:00,0.6500118374824524
2012-11-20 00:00:00,0.8224959969520569
2012-11-27 00:00:00,0.7297197580337524
2012-12-04 00:00:00,0.789564847946167
2012-12-11 00:00:00,0.7976085543632507
2012-12-18 00:00:00,0.618852972984314
2012-12-25 00:00:00,0.2500881254673004
2013-01-01 00:00:00,0.1803389638662338
2013-01-08 00:00:00,0.1552654653787613
2013-01-15 00:00:00,0.0047305799089372
2013-01-22 00:00:00,0.2559372782707214
2013-01-29 00:00:00,-0.002035298384726
2013-02-05 00:00:00,-0.0543180480599403
2013-02-12 00:00:00,-0.4448072016239166
2013-02-19 00:00:00,-0.5456883907318115
2013-02-26 00:00:00,-0.5860006213188171
2013-03-05 00:00:00,-0.5684143900871277
2013-03-12 00:00:00,-0.3828122913837433
2013-03-19 00:00:00,-0.4321602880954742
2013-03-26 00:00:00,-0.2443041354417801
2013-04-02 00:00:00,-0.3506322503089905
2013-04-09 00:00:00,-0.7383659482002258
2013-04-16 00:00:00,-0.9387457370758056
2013-04-23 00:00:00,-0.7418810129165649
2013-04-30 00:00:00,-0.8311255574226379
2013-05-07 00:00:00,-0.6051791310310364
2013-05-14 00:00:00,-0.4202427566051483
2013-05-21 00:00:00,-0.1230259388685226
2013-05-28 00:00:00,-0.2722777128219604
2013-06-04 00:00:00,-0.0950308963656425
2013-06-11 00:00:00,0.3854864239692688
2013-06-18 00:00:00,0.379910260438919
2013-06-25 00:00:00,0.1907085627317428
2013-07-02 00:00:00,0.2507954835891723
2013-07-09 00:00:00,0.6167183518409729
2013-07-16 00:00:00,0.5931013822555542
2013-07-23 00:00:00,0.9531424641609192
2013-07-30 00:00:00,0.7037066221237183
2013-08-06 00:00:00,0.8418422937393188
2013-08-13 00:00:00,0.8321007490158081
2013-08-20 00:00:00,0.675128161907196
2013-08-27 00:00:00,0.5256091356277466
2013-09-03 00:00:00,0.3348551392555237
2013-09-10 00:00:00,0.3139289319515228
2013-09-17 00:00:00,0.5217423439025879
2013-09-24 00:00:00,0.4527980089187622
2013-10-01 00:00:00,-0.0421952791512012
2013-10-08 00:00:00,-0.0368481539189815
2013-10-16 00:00:00,-0.5672932863235474
2013-10-23 00:00:00,-0.6394340991973877
2013-10-30 00:00:00,-1.059581279754639
2013-11-06 00:00:00,-1.215301513671875
2013-11-13 00:00:00,-1.3057857751846311
2013-11-20 00:00:00,-1.1300370693206787
2013-11-27 00:00:00,-1.0832537412643433
2013-12-04 00:00:00,-1.259381890296936
2013-12-11 00:00:00,-1.6929165124893188
2013-12-18 00:00:00,-1.6099096536636353
2013-12-25 00:00:00,-1.5969042778015137
2014-01-01 00:00:00,-1.5596688985824585
2014-01-08 00:00:00,-1.4307609796524048
2014-01-15 00:00:00,-1.0214236974716189
2014-01-22 00:00:00,-0.5702009797096252
2014-01-29 00:00:00,-0.7111592292785645
2014-02-05 00:00:00,-0.739456057548523
2014-02-12 00:00:00,-0.9196027517318726
2014-02-19 00:00:00,-0.8889161944389343
2014-02-26 00:00:00,-0.9111968874931335
2014-03-05 00:00:00,-1.0360746383666992
2014-03-12 00:00:00,-0.9379483461380004
2014-03-19 00:00:00,-0.9787842631340028
2014-03-26 00:00:00,-0.7704635262489319
2014-04-02 00:00:00,-0.612113893032074
2014-04-09 00:00:00,-0.7494475841522217
2014-04-16 00:00:00,-0.7063842415809631
2014-04-23 00:00:00,-0.5448264479637146
2014-04-30 00:00:00,-0.4914155304431915
2014-05-07 00:00:00,-0.653679370880127
2014-05-14 00:00:00,-0.5877228379249573
2014-05-21 00:00:00,-0.2762657403945923
2014-05-28 00:00:00,-0.1742277294397354
2014-06-04 00:00:00,0.0560094453394413
2014-06-11 00:00:00,0.1845028698444366
2014-06-18 00:00:00,-0.3452700078487396
2014-06-25 00:00:00,-0.7193043828010559
2014-07-02 00:00:00,-0.8573017120361328
2014-07-09 00:00:00,-0.30044686794281
2014-07-16 00:00:00,-0.6379245519638062
2014-07-23 00:00:00,-1.028722643852234
2014-07-30 00:00:00,-0.5967284440994263
2014-08-06 00:00:00,-1.0367488861083984
2014-08-13 00:00:00,-1.2833473682403564
2014-08-20 00:00:00,-1.5981826782226562
2014-08-27 00:00:00,-1.715228796005249
2014-09-03 00:00:00,-1.6989450454711914
2014-09-10 00:00:00,-1.8210595846176147
2014-09-17 00:00:00,-1.8996589183807373
2014-09-24 00:00:00,-1.9586119651794436
2014-10-01 00:00:00,-2.5714988708496094
2014-10-08 00:00:00,-2.405555486679077
2014-10-16 00:00:00,-2.1583096981048584
2014-10-23 00:00:00,-1.995869874954224
2014-10-30 00:00:00,-1.7619856595993042
2014-11-06 00:00:00,-1.972896933555603
2014-11-13 00:00:00,-2.036456823348999
2014-11-20 00:00:00,-2.119875907897949
2014-11-27 00:00:00,-2.350998640060425
2014-12-04 00:00:00,-2.292271614074707
2014-12-11 00:00:00,-2.1718876361846924
2014-12-18 00:00:00,-2.3116583824157715
2014-12-25 00:00:00,-2.449664354324341
2015-01-01 00:00:00,-2.4775373935699463
2015-01-08 00:00:00,-2.507406711578369
2015-01-15 00:00:00,-2.731373786926269
2015-01-22 00:00:00,-2.97902250289917
2015-01-29 00:00:00,-2.8793041706085205
2015-02-05 00:00:00,-2.5345191955566406
2015-02-12 00:00:00,-2.284643650054932
2015-02-19 00:00:00,-1.6206908226013184
2015-02-26 00:00:00,-1.072892665863037
2015-03-05 00:00:00,-0.7671819925308228
2015-03-12 00:00:00,-0.3831843435764313
2015-03-19 00:00:00,-0.0135255279019474
2015-03-26 00:00:00,0.184647724032402
2015-04-02 00:00:00,0.439266175031662
2015-04-09 00:00:00,0.6804468035697937
2015-04-16 00:00:00,0.937146008014679
2015-04-23 00:00:00,1.100151777267456
2015-04-30 00:00:00,1.3697348833084106
2015-05-07 00:00:00,1.6299327611923218
2015-05-14 00:00:00,1.6958532333374023
2015-05-21 00:00:00,1.44327974319458
2015-05-28 00:00:00,1.4970391988754272
2015-06-04 00:00:00,1.8272658586502075
2015-06-11 00:00:00,2.050032615661621
2015-06-18 00:00:00,2.4871156215667725
2015-06-25 00:00:00,2.4913249015808105
2015-07-02 00:00:00,2.094595193862915
2015-07-09 00:00:00,1.3199012279510498
2015-07-16 00:00:00,1.3521883487701416
2015-07-23 00:00:00,0.7788125276565552
2015-07-30 00:00:00,1.0721262693405151
2015-08-06 00:00:00,0.7252970337867737
2015-08-13 00:00:00,0.333780974149704
2015-08-20 00:00:00,0.4658447206020355
2015-08-27 00:00:00,0.2692394554615021
2015-09-03 00:00:00,0.0532212443649768
2015-09-10 00:00:00,0.1298311501741409
2015-09-17 00:00:00,-0.1177166700363159
2015-09-24 00:00:00,-0.1941561847925186
2015-10-01 00:00:00,0.0359546020627021
2015-10-08 00:00:00,-0.1087176799774169
2015-10-16 00:00:00,0.1131565123796463
2015-10-23 00:00:00,0.1454034298658371
2015-10-30 00:00:00,0.3792230188846588
2015-11-06 00:00:00,0.5655485391616821
2015-11-13 00:00:00,0.8958375453948975
2015-11-20 00:00:00,0.9422374367713928
2015-11-27 00:00:00,0.5810922980308533
2015-12-04 00:00:00,0.5208320021629333
2015-12-11 00:00:00,0.3723742365837097
2015-12-18 00:00:00,0.3589703738689422
2015-12-25 00:00:00,0.3586046397686004
2016-01-01 00:00:00,0.4104515016078949
2016-01-08 00:00:00,0.275035560131073
2016-01-15 00:00:00,-0.0147577822208404
2016-01-22 00:00:00,-0.146060824394226
2016-01-29 00:00:00,-0.4237190186977386
2016-02-05 00:00:00,-0.7755182385444641
2016-02-12 00:00:00,-0.2109300196170807
2016-02-19 00:00:00,0.0292522311210632
2016-02-26 00:00:00,0.455506682395935
2016-03-04 00:00:00,1.2206789255142212
2016-03-11 00:00:00,0.967445433139801
2016-03-18 00:00:00,0.8009065985679626
2016-03-25 00:00:00,0.9117193818092346
2016-04-01 00:00:00,0.7764492630958557
2016-04-08 00:00:00,0.7527230381965637
2016-04-15 00:00:00,0.95823734998703
2016-04-22 00:00:00,0.975432276725769
2016-04-29 00:00:00,1.0691879987716677
2016-05-06 00:00:00,0.5563613772392273
2016-05-13 00:00:00,0.715417206287384
2016-05-20 00:00:00,0.3675054311752319
2016-05-27 00:00:00,-0.4644612073898315
2016-06-03 00:00:00,-0.1852649301290512
2016-06-10 00:00:00,0.0319887362420558
2016-06-17 00:00:00,-0.5595091581344604
2016-06-24 00:00:00,-0.1589901000261306
2016-07-01 00:00:00,-0.158160775899887
2016-07-08 00:00:00,-0.2196703255176544
2016-07-15 00:00:00,-0.0725683346390724
2016-07-22 00:00:00,-0.0461412295699119
2016-07-29 00:00:00,0.0838047638535499
2016-08-05 00:00:00,-0.0152015564963221
2016-08-12 00:00:00,0.0286767315119504
2016-08-19 00:00:00,-0.0057316026650369
2016-08-26 00:00:00,-0.2729235887527466
2016-09-02 00:00:00,-0.3180710077285766
2016-09-09 00:00:00,-0.4634652137756347
2016-09-16 00:00:00,-0.133681982755661
2016-09-23 00:00:00,-0.1712936162948608
2016-09-30 00:00:00,-0.2018467038869857
2016-10-07 00:00:00,-0.2913988828659057
2016-10-16 00:00:00,-0.1463908404111862
2016-10-23 00:00:00,0.4659804999828338
2016-10-30 00:00:00,0.7778739333152771
2016-11-06 00:00:00,0.9019681215286256
2016-11-13 00:00:00,0.9513962268829346
2016-11-20 00:00:00,1.137778878211975
2016-11-27 00:00:00,1.020257830619812
2016-12-04 00:00:00,0.953910768032074
2016-12-11 00:00:00,0.8245397210121155
2016-12-18 00:00:00,0.6659699082374573
2016-12-25 00:00:00,0.6057836413383484
2017-01-01 00:00:00,0.8296016454696655
2017-01-08 00:00:00,0.6765058636665344
2017-01-15 00:00:00,0.3593040406703949
2017-01-22 00:00:00,0.7084627747535706
2017-01-29 00:00:00,0.6445408463478088
2017-02-05 00:00:00,0.9148465991020204
2017-02-12 00:00:00,0.4795434474945068
2017-02-19 00:00:00,0.6366298794746399
2017-02-26 00:00:00,0.7008744478225708
2017-03-05 00:00:00,0.7547633051872253
2017-03-12 00:00:00,0.751101553440094
2017-03-19 00:00:00,0.7509869337081909
2017-03-26 00:00:00,0.4383381605148315
2017-04-02 00:00:00,0.2894442081451416
2017-04-09 00:00:00,0.3979760706424713
2017-04-16 00:00:00,0.0800544694066047
2017-04-23 00:00:00,0.0987953767180442
2017-04-30 00:00:00,-0.158610850572586
2017-05-07 00:00:00,-0.153939813375473
2017-05-14 00:00:00,-0.2065181136131286
2017-05-21 00:00:00,-0.2999926805496216
2017-05-28 00:00:00,0.0228362176567316
2017-06-04 00:00:00,0.2936702370643616
2017-06-11 00:00:00,0.8630698323249817
2017-06-18 00:00:00,1.206095814704895
2017-06-25 00:00:00,1.5265311002731323
2017-07-02 00:00:00,1.914862036705017
2017-07-09 00:00:00,2.048092603683472
2017-07-16 00:00:00,1.8198858499526975
2017-07-23 00:00:00,1.4339675903320312
2017-07-30 00:00:00,1.3600544929504397
2017-08-06 00:00:00,0.9721735715866088
2017-08-13 00:00:00,1.2057920694351196
2017-08-20 00:00:00,0.6472432613372803
2017-08-27 00:00:00,0.5263298153877258
2017-09-03 00:00:00,0.4272042214870453
2017-09-10 00:00:00,0.0308678671717643
2017-09-17 00:00:00,-0.7885393500328064
2017-09-24 00:00:00,-2.286625623703003
2017-10-01 00:00:00,-1.6501017808914185
2017-10-08 00:00:00,-1.509960412979126
2017-10-16 00:00:00,-1.5036011934280396
2017-10-23 00:00:00,-1.2237143516540527
2017-10-30 00:00:00,-0.6231487989425659
2017-11-06 00:00:00,-0.4479797780513763
2017-11-13 00:00:00,-0.7529888153076172
2017-11-20 00:00:00,-1.0223135948181152
2017-11-27 00:00:00,-0.9165038466453552
2017-12-04 00:00:00,-1.0044870376586914
2017-12-11 00:00:00,-0.6993701457977295
2017-12-18 00:00:00,-0.4538229703903198
2017-12-25 00:00:00,-0.3756634593009949
2018-01-01 00:00:00,-0.5127798914909363
2018-01-08 00:00:00,-0.5897500514984131
2018-01-15 00:00:00,-0.4611608386039734
2018-01-22 00:00:00,-0.9726718664169312
2018-01-29 00:00:00,-1.1334075927734375
2018-02-05 00:00:00,-0.5979983806610107
2018-02-12 00:00:00,-0.3273932337760925
2018-02-19 00:00:00,-0.1687970757484436
2018-02-26 00:00:00,0.1794956028461456
2018-03-05 00:00:00,0.4318437278270721
2018-03-12 00:00:00,0.0653678178787231
2018-03-19 00:00:00,-0.0298579819500446
2018-03-26 00:00:00,0.0274260118603706
2018-04-02 00:00:00,-0.033124666661024
2018-04-09 00:00:00,-0.0113147031515836
2018-04-16 00:00:00,-0.0563181824982166
2018-04-23 00:00:00,0.0309381633996963
2018-04-30 00:00:00,0.1406397372484207
2018-05-07 00:00:00,0.0829730480909347
2018-05-14 00:00:00,0.1098619922995567
2018-05-21 00:00:00,-0.5015143752098083
2018-05-28 00:00:00,-1.0648853778839111
2018-06-04 00:00:00,-1.5935665369033811
2018-06-11 00:00:00,-1.677047848701477
2018-06-18 00:00:00,-2.0944979190826416
2018-06-25 00:00:00,-2.101991653442383
2018-07-02 00:00:00,-2.8101885318756104
2018-07-09 00:00:00,-3.273244619369507
2018-07-16 00:00:00,-1.791083574295044
2018-07-23 00:00:00,-1.1301767826080322
2018-07-30 00:00:00,-0.7829041481018066
2018-08-06 00:00:00,-0.9192458391189576
2018-08-13 00:00:00,-0.7235939502716064
2018-08-20 00:00:00,-0.896233320236206
2018-08-27 00:00:00,-0.736358642578125
2018-09-03 00:00:00,0.2770290076732635
2018-09-10 00:00:00,1.4671679735183716
2018-09-17 00:00:00,2.0298192501068115
2018-09-24 00:00:00,2.2122960090637207
2018-10-01 00:00:00,2.5645904541015625
2018-10-08 00:00:00,1.8507522344589236
2018-10-16 00:00:00,1.1178239583969116
2018-10-23 00:00:00,1.067573308944702
2018-10-30 00:00:00,1.4086214303970337
2018-11-06 00:00:00,1.22564697265625
2018-11-13 00:00:00,0.9879053831100464
2018-11-20 00:00:00,0.7932127714157104
2018-11-27 00:00:00,0.1265284717082977
2018-12-04 00:00:00,-0.6171279549598694
2018-12-11 00:00:00,-0.7125828862190247
2018-12-18 00:00:00,-0.4812923371791839
2018-12-25 00:00:00,0.0065308245830237
2019-01-01 00:00:00,0.6422507762908936
2019-01-08 00:00:00,1.0312293767929075
2019-01-15 00:00:00,2.086332082748413
2019-01-22 00:00:00,2.226261138916016
2019-01-29 00:00:00,3.092538356781006
2019-02-05 00:00:00,2.2092032432556152
2019-02-12 00:00:00,1.8684145212173464
2019-02-19 00:00:00,1.702957272529602
2019-02-26 00:00:00,1.8621902465820312
2019-03-05 00:00:00,2.3447961807250977
2019-03-12 00:00:00,2.3020708560943604
2019-03-19 00:00:00,2.2143404483795166
2019-03-26 00:00:00,2.106887102127075
2019-04-02 00:00:00,2.430466413497925
2019-04-09 00:00:00,2.027459144592285
2019-04-16 00:00:00,1.836504578590393
2019-04-23 00:00:00,1.585779309272766
2019-04-30 00:00:00,1.740285873413086
2019-05-07 00:00:00,1.756829857826233
2019-05-14 00:00:00,1.527641534805298
2019-05-21 00:00:00,1.919018507003784
2019-05-28 00:00:00,1.179248571395874
2019-06-04 00:00:00,0.9379668831825256
2019-06-11 00:00:00,0.6753949522972107
2019-06-18 00:00:00,0.6492600440979004
2019-06-25 00:00:00,-0.2179722040891647
2019-07-02 00:00:00,-0.202533483505249
2019-07-09 00:00:00,-0.1354877203702926
2019-07-16 00:00:00,-0.1488331705331802
2019-07-23 00:00:00,-0.4271659255027771
2019-07-30 00:00:00,-0.486332356929779
2019-08-06 00:00:00,-0.5277818441390991
2019-08-13 00:00:00,-0.7588402628898621
2019-08-20 00:00:00,-0.7367885112762451
2019-08-27 00:00:00,-0.7511411309242249
2019-09-03 00:00:00,-0.1593447625637054
2019-09-10 00:00:00,-0.4956017434597015
2019-09-17 00:00:00,0.4593537449836731
2019-09-24 00:00:00,1.2074816226959229
2019-10-01 00:00:00,1.1920087337493896
2019-10-08 00:00:00,1.592963695526123
2019-10-16 00:00:00,1.3019436597824097
2019-10-23 00:00:00,1.4059897661209106
2019-10-30 00:00:00,2.1811602115631104
2019-11-06 00:00:00,1.966197609901428
2019-11-13 00:00:00,1.5512181520462036
2019-11-20 00:00:00,1.127544641494751
2019-11-27 00:00:00,0.9832103848457336
2019-12-04 00:00:00,0.7995680570602417
2019-12-11 00:00:00,0.5579321980476379
2019-12-18 00:00:00,0.4924192428588867
2019-12-25 00:00:00,0.4741888046264648
2020-01-01 00:00:00,0.4146094620227813
2020-01-08 00:00:00,0.5021814107894897
2020-01-15 00:00:00,0.2104683369398117
2020-01-22 00:00:00,0.0531549155712127
2020-01-29 00:00:00,0.4178766906261444
2020-02-05 00:00:00,0.2907238304615021
2020-02-12 00:00:00,0.3905314207077026
2020-02-19 00:00:00,0.2828859090805053
2020-02-26 00:00:00,0.7597283124923706
2020-03-04 00:00:00,0.780401885509491
2020-03-11 00:00:00,0.1858444213867187
2020-03-18 00:00:00,0.0865743830800056
2020-03-25 00:00:00,0.242488756775856
2020-04-01 00:00:00,0.3061167597770691
2020-04-08 00:00:00,0.5185562968254089
2020-04-15 00:00:00,0.0675492584705352
2020-04-22 00:00:00,-0.4360227882862091
2020-04-29 00:00:00,-0.4082883894443512
2020-05-06 00:00:00,-0.4226335883140564
2020-05-13 00:00:00,-0.5327938199043274
2020-05-20 00:00:00,-0.7952715158462524
2020-05-27 00:00:00,-0.7454271912574768
2020-06-03 00:00:00,-1.1763489246368408
2020-06-10 00:00:00,-1.5446830987930298
2020-06-17 00:00:00,-2.7909955978393555
2020-06-24 00:00:00,-2.569580078125
2020-07-01 00:00:00,-3.232311964035034
2020-07-08 00:00:00,-3.3205552101135254
2020-07-15 00:00:00,-3.5
2020-07-22 00:00:00,-3.483461141586304
2020-07-29 00:00:00,-3.5
2020-08-05 00:00:00,-3.5
2020-08-12 00:00:00,-3.5
2020-08-19 00:00:00,-3.5
2020-08-26 00:00:00,-3.5
2020-09-02 00:00:00,-3.5
2020-09-09 00:00:00,-3.5
2020-09-16 00:00:00,-3.5
2020-09-23 00:00:00,-3.3915224075317383
2020-09-30 00:00:00,-3.2984211444854736
2020-10-07 00:00:00,-3.0956249237060547
2020-10-09 00:00:00,-1.5993980169296265
2020-10-16 00:00:00,-1.3075907230377195
2020-10-23 00:00:00,-0.7239201664924622
2020-10-30 00:00:00,-0.1056165620684623
2020-11-06 00:00:00,-0.1660628914833068
2020-11-13 00:00:00,-0.1370014995336532
2020-11-20 00:00:00,-0.3355960845947265
2020-11-27 00:00:00,-0.5681894421577454
2020-12-04 00:00:00,0.1458810567855835
2020-12-11 00:00:00,0.6383575201034546
2020-12-18 00:00:00,0.6661127209663391
2020-12-25 00:00:00,0.4218884408473968
2021-01-01 00:00:00,-0.1274764239788055
2021-01-08 00:00:00,-0.1565651446580886
2021-01-15 00:00:00,-0.3977936804294586
2021-01-22 00:00:00,0.3756730556488037
2021-01-29 00:00:00,0.2573336064815521
2021-02-05 00:00:00,0.4766551256179809
2021-02-12 00:00:00,0.1102002561092376
2021-02-19 00:00:00,0.3386208117008209
2021-02-26 00:00:00,0.6669720411300659
2021-03-05 00:00:00,0.4862712323665619
2021-03-12 00:00:00,0.9049996733665466
2021-03-19 00:00:00,0.6828566789627075
2021-03-26 00:00:00,0.5298559069633484
2021-04-02 00:00:00,0.1531120538711547
2021-04-09 00:00:00,0.2926482260227203
2021-04-16 00:00:00,-0.5100483298301697
2021-04-23 00:00:00,-0.7135885953903198
2021-04-30 00:00:00,-0.5077134966850281
2021-05-07 00:00:00,-0.4457208812236786
2021-05-14 00:00:00,-0.2057458907365799
2021-05-21 00:00:00,-0.1253739297389984
2021-05-28 00:00:00,0.3044471740722656
2021-06-04 00:00:00,0.3839946985244751
2021-06-11 00:00:00,-0.0213569942861795
2021-06-18 00:00:00,0.4781087636947632
2021-06-25 00:00:00,0.654358446598053
2021-07-02 00:00:00,0.5192251801490784
2021-07-09 00:00:00,0.6739508509635925
2021-07-16 00:00:00,0.2868273258209228
2021-07-23 00:00:00,1.469705581665039
2021-07-30 00:00:00,1.5111244916915894
2021-08-06 00:00:00,1.3715678453445437
2021-08-13 00:00:00,0.9740058779716492
2021-08-20 00:00:00,0.6573817729949951
2021-08-27 00:00:00,0.6849488019943237
2021-09-03 00:00:00,-0.4164867997169494
2021-09-10 00:00:00,-1.2312039136886597
2021-09-17 00:00:00,-1.1295816898345947
2021-10-01 00:00:00,-1.0779582262039185
2021-10-09 00:00:00,-0.6145022511482239
2021-10-16 00:00:00,-0.809619128704071
2021-10-23 00:00:00,-0.7391890287399292
2021-10-30 00:00:00,-0.8543254733085632
